Customer_ID,First,Last,Age,Country
1,Joseph,Rice,43,USA
2,Gary,Moore,71,USA
3,John,Walker,44,UK
4,Eric,Carter,38,UK
5,William,Jackson,58,UAE
6,N!cole,Jones,33,USA
7,David,Davis,59,USA
8,Jason,Montgomery,58,UK
9,Kent,Weaver,61,UK
10,Darrell,Dillon,50,UAE
11,Jacqueline,Wang,22,USA
12,Jodi,Gonzalez,69,USA
13,Omar,Martin,28,UK
14,N!cole,Lara,77,UK
15,Jason,Brown,63,UAE
16,David,Benson,61,USA
17,Kimberly,Mora,34,USA
18,Erik,Macias,25,UK
19,James,Johnson,67,UK
20,Derek,Peterson,36,UAE
21,Diane,Henson,74,USA
22,Cody,Lyons,47,USA
23,Margaret,Hardy,25,UK
24,Arthur,Hayes,75,UK
25,Raymond,Taylor,36,UAE
26,Tina,Moore,34,USA
27,Kylie,White,63,USA
28,Jonathan,Manning,30,UK
29,Angela,Bryant,23,UK
30,Michael,Mann,56,UAE
31,Craig,Myers,42,USA
32,Tiffany,Carter,26,USA
33,Erica,Owens,22,UK
34,Patricia,Parker,28,UK
35,Brian,Palmer,75,UAE
36,Melissa,Smith,75,USA
37,Connor,Adams,21,USA
38,Michael,Williams,40,UK
39,Ruth,Smith,50,UK
40,Jonathan,Middleton,79,UAE
41,Francis,Velez,25,USA
42,Matthew,Velez,71,USA
43,Kim,Shaw,39,UK
44,Gary,Jones,40,UK
45,Nicholas,Clayton,25,UAE
46,Anthony,Chavez,36,USA
47,Carolyn,Green,31,USA
48,Janice,Roman,78,UK
49,Erin,Taylor,54,UK
50,Charles,Garcia,24,UAE
51,John,Huber,51,USA
52,Haley,Martinez,75,USA
53,Adam,Holmes,41,UK
54,Patricia,Jones,46,UK
55,Christy,Rodriguez,23,UAE
56,Jose,Poole,60,USA
57,Lacey,Mercado,29,USA
58,Danielle,Garcia,68,UK
59,Amanda,Cohen,72,UK
60,Jeremy,Rodriguez,28,UAE
61,Jade,Wall,51,USA
62,Janice,Garcia,28,USA
63,Sarah,Greer,49,UK
64,Sandra,Golden,42,UK
65,David,Fritz,47,UAE
66,Hannah,Wu,59,USA
67,Guy,Bennett,44,USA
68,Regina,Wong,64,UK
69,Desiree,Webster,38,UK
70,Juan,Cruz,21,UAE
71,Michelle,Edwards,77,USA
72,Alexander,Griffin,76,USA
73,Laura,House,78,UK
74,Brittany,Hanna,32,UK
75,Allen,Wright,49,UAE
76,Ricky,Phillips,49,USA
77,Adrian,Cross,27,USA
78,Thomas,Wood,33,UK
79,Jillian,Massey,76,UK
80,Kevin,Watkins,53,UAE
81,Allison,Sweeney,75,USA
82,Joseph,Hernandez,41,USA
83,Steven,Little,69,UK
84,John,Bennett,32,UK
85,Michele,Maxwell,80,UAE
86,Emily,Thomas,74,USA
87,Mark,Rogers,22,USA
88,John,Cruz,76,UK
89,David,Yoder,79,UK
90,James,Reynolds,29,UAE
91,Stephanie,Hicks,53,USA
92,Paul,Brown,78,USA
93,Alexandra,Morales,73,UK
94,Krystal,Carroll,43,UK
95,Alyssa,Walker,35,UAE
96,Eric,Harvey,52,USA
97,Debbie,Rogers,76,USA
98,Steve,Braun,72,UK
99,Ryan,Rojas,51,UK
100,Andrew,Levine,67,UAE
101,Brian,Olson,38,USA
102,Jessica,Welch,28,USA
103,Stephanie,Faulkner,18,UK
104,Dawn,Johnson,77,UK
105,Monique,Wright,72,UAE
106,Veronica,Stein,18,USA
107,Breanna,Santos,26,USA
108,Jeremy,Lee,26,UK
109,R0bert,Moore,40,UK
110,Tiffany,Pearson,77,UAE
111,Audrey,Richardson,53,USA
112,Maureen,Bryant,64,USA
113,Derrick,R0berts,72,UK
114,Jeffrey,Sullivan,61,UK
115,Amy,Harris,25,UAE
116,Rhonda,Flores,52,USA
117,Steven,Black,41,USA
118,R0bert,Shepherd,28,UK
119,Robin,Snyder,19,UK
120,Elijah,Cook,80,UAE
121,Dennis,Hill,42,USA
122,Charles,Nunez,80,USA
123,Philip,Robinson,52,UK
124,Rachel,Larson,21,UK
125,Stephen,Sharp,35,UAE
126,Aimee,Jacobs,54,USA
127,Brittany,Miller,49,USA
128,Sabrina,Mclaughlin,50,UK
129,Amber,Banks,54,UK
130,Casey,Todd,62,UAE
131,Miranda,Williams,48,USA
132,Alexander,Williams,48,USA
133,Jesus,Higgins,57,UK
134,James,Keith,50,UK
135,Shawn,Johnson,18,UAE
136,Natalie,Page,75,USA
137,Zachary,Fowler,28,USA
138,Brian,Bowman,55,UK
139,Ryan,Martin,61,UK
140,Jennifer,Silva,45,UAE
141,Joseph,Sparks,66,USA
142,Mary,Bishop,60,USA
143,Stacey,Welch,46,UK
144,Brett,Burns,41,UK
145,Michael,Case,29,UAE
146,Terry,Bailey,68,USA
147,Christopher,Mcdonald,43,USA
148,Andres,Becker,31,UK
149,Chase,Mcdaniel,26,UK
150,Sherry,Parsons,52,UAE
151,Javier,Jones,80,USA
152,Jill,Kane,32,USA
153,Janet,Valdez,29,UK
154,Karen,Ford,33,UK
155,Jamie,Johnson,28,UAE
156,Jessica,Marshall,21,USA
157,Sharon,Warner,55,USA
158,Zachary,Williams,19,UK
159,Brooke,Durham,33,UK
160,Ryan,Murray,77,UAE
161,Gabrielle,Smith,44,USA
162,N!cole,Bennett,51,USA
163,Heather,Ali,75,UK
164,Sandra,Mcmahon,34,UK
165,Bailey,Mercado,42,UAE
166,Morgan,Cooper,18,USA
167,Matthew,Stokes,42,USA
168,Timothy,Mullins,51,UK
169,Kenneth,Rubio,74,UK
170,Mary,Zamora,62,UAE
171,L@rry,Cole,50,USA
172,Jeffrey,Diaz,69,USA
173,Joseph,Brown,29,UK
174,Emily,Jones,60,UK
175,Tara,Davis,80,UAE
176,Tiffany,Bowers,39,USA
177,Linda,Craig,25,USA
178,Christine,Smith,74,UK
179,Matthew,Williams,29,UK
180,Brenda,Lewis,21,UAE
181,Adrian,West,51,USA
182,Amy,Scott,28,USA
183,April,Beck,80,UK
184,Anthony,Nicholson,22,UK
185,Shari,Garcia,78,UAE
186,Xavier,Miles,45,USA
187,Rachael,Gilbert,42,USA
188,Michele,Rogers,48,UK
189,Derek,Dixon,33,UK
190,Grace,Hartman,26,UAE
191,Joseph,Miller,36,USA
192,David,Arnold,62,USA
193,Yesenia,White,25,UK
194,Nancy,Miller,65,UK
195,Christopher,Doyle,43,UAE
196,Taylor,Reed,74,USA
197,Katherine,Ferguson,41,USA
198,R0bert,Bryan,49,UK
199,Zachary,Kane,75,UK
200,Rebecca,Robinson,50,UAE
201,Bethany,Anderson,43,USA
202,Mary,Williams,22,USA
203,Carlos,Wallace,58,UK
204,Rhonda,Matthews,62,UK
205,Donald,Barker,39,UAE
206,Courtney,Lopez,66,USA
207,Chelsea,Moyer,20,USA
208,Brittany,Golden,24,UK
209,Russell,Berry,25,UK
210,Joshua,Jackson,57,UAE
211,Al1cia,Thompson,38,USA
212,Clifford,Gray,23,USA
213,Gloria,Miller,68,UK
214,N!cole,Mcintyre,18,UK
215,Vincent,Kline,57,UAE
216,Amber,Hunter,78,USA
217,Shelby,Gomez,28,USA
218,Thomas,Mclaughlin,29,UK
219,Nathan,Graham,47,UK
220,Thomas,Guzman,69,UAE
221,Sarah,Gilbert,56,USA
222,Jeremy,Andrews,24,USA
223,Megan,Morris,41,UK
224,Zachary,Davis,25,UK
225,Michael,Phelps,72,UAE
226,Christopher,Robinson,23,USA
227,Aaron,Mckee,37,USA
228,Andrea,Velasquez,55,UK
229,Philip,Newton,74,UK
230,Kathleen,Palmer,64,UAE
231,Eric,Levine,25,USA
232,Michael,Lopez,47,USA
233,Samantha,Smith,28,UK
234,Diane,Tanner,79,UK
235,Melissa,Gaines,25,UAE
236,Al1cia,Jensen,19,USA
237,Donna,Bird,63,USA
238,Kyle,Ruiz,48,UK
239,Janet,Holmes,36,UK
240,Edward,Bray,32,UAE
241,Brenda,Hines,44,USA
242,Mark,R0berts,61,USA
243,Alejandro,Bailey,73,UK
244,Mark,Rivers,38,UK
245,Christopher,Miles,30,UAE
246,Justin,Stewart,73,USA
247,John,Miller,53,USA
248,Thomas,Hickman,23,UK
249,Patricia,Garcia,19,UK
250,Stephen,Jones,22,USA
